run_id,name,parent,status,params.classifier__min_samples_leaf,params.classifier__max_depth,params.classifier__class_weight,metrics.cv_precision_mean,metrics.cv_accuracy_std,metrics.cv_roc_auc_mean,metrics.cv_roc_auc_std,metrics.cv_accuracy_mean,metrics.cv_precision_std,metrics.cv_recall_std,metrics.cv_recall_mean,metrics.nested_roc_auc_std,metrics.nested_precision_mean,metrics.nested_roc_auc_mean,metrics.nested_recall_mean,metrics.nested_accuracy_mean,metrics.nested_recall_std,metrics.nested_precision_std,metrics.nested_accuracy_std,params.classifier__C,params.test_rows,params.seed,params.inner_folds,params.winner,params.outer_folds,params.threshold,params.train_rows,params.data_sha256,metrics.holdout_recall,metrics.holdout_accuracy,metrics.holdout_precision,metrics.holdout_roc_auc,metrics.holdout_f1
7b9ea346c8d34a3db496aaeb0e06626c,forest-candidate-07,aafda34a69b34d65b2e9adaffc33ce18,FINISHED,5,None,balanced,0.8116071428571429,0.046511277733187854,0.897384685145102,0.03769449699497575,0.8308060109289618,0.037233320467844715,0.09056259218008698,0.8201058201058202,,,,,,,,,,,,,,,,,,,,,,
8664692182a74a71ad962b300126fa09,forest-candidate-06,aafda34a69b34d65b2e9adaffc33ce18,FINISHED,2,None,balanced,0.807288022655339,0.04739059027089802,0.8954938772647105,0.03287560347362544,0.8184426229508196,0.042185859992478536,0.09192170024206812,0.7929894179894179,,,,,,,,,,,,,,,,,,,,,,
d5f8d08946b8461fbaad518bca08b7e9,forest-candidate-05,aafda34a69b34d65b2e9adaffc33ce18,FINISHED,5,3,balanced,0.8348751105216622,0.05487689784243005,0.8985245560766395,0.046009553798814225,0.8431693989071037,0.05656293169466096,0.09056259218008698,0.8201058201058202,,,,,,,,,,,,,,,,,,,,,,
6a433dc114914769be2f9352243fd199,forest-candidate-04,aafda34a69b34d65b2e9adaffc33ce18,FINISHED,2,3,balanced,0.8404990842490841,0.06063030992392773,0.8985145352332853,0.043010909486100375,0.8473360655737705,0.05213584681063808,0.10105584206643096,0.8197751322751323,,,,,,,,,,,,,,,,,,,,,,
dcee115d0edb4cd3b49a70384ac4abd2,forest-candidate-03,aafda34a69b34d65b2e9adaffc33ce18,FINISHED,5,None,None,0.8280375036840554,0.05474150426967701,0.8987760166145582,0.03905530065494756,0.8308060109289618,0.04709373127711539,0.08910365035409488,0.7926587301587302,,,,,,,,,,,,,,,,,,,,,,
2c822d004e2341c592eb5d99627c5d5f,forest-candidate-02,aafda34a69b34d65b2e9adaffc33ce18,FINISHED,2,None,None,0.8337693915280122,0.0401785687624507,0.8906347076919993,0.03727669649849508,0.8348360655737704,0.04408789188661009,0.08900049977542523,0.8019179894179895,,,,,,,,,,,,,,,,,,,,,,
2871a469af894698b6f56185a70d2e87,forest-candidate-01,aafda34a69b34d65b2e9adaffc33ce18,FINISHED,5,3,None,0.862275707384403,0.058637597343939654,0.8980103615520282,0.04863059134188144,0.8472677595628415,0.06285504135739399,0.08910365035409488,0.7926587301587302,,,,,,,,,,,,,,,,,,,,,,
f25da4d21056473783dab92a9dbe18b6,forest-candidate-00,aafda34a69b34d65b2e9adaffc33ce18,FINISHED,2,3,None,0.8562470138557094,0.055646681475594935,0.8987951188472021,0.043980021881378985,0.8514344262295082,0.05458955994737018,0.08871806620801043,0.8108465608465609,,,,,,,,,,,,,,,,,,,,,,
aafda34a69b34d65b2e9adaffc33ce18,forest,687db1f906644749b541ee8a43a47528,FINISHED,2,3,None,,,,,,,,,0.02827591710459177,0.8393099415204679,0.9117653682871074,0.8189723320158103,0.8390306122448979,0.07313054116991896,0.0851626285478947,0.03287254835956305,,,,,,,,,,,,,,
6b57f5e3d8124fbbb549cf1125adc295,logistic-candidate-05,812c2b51783a4a158dffeb4d4d1dfd57,FINISHED,,,balanced,0.8013588731747797,0.05950966913983233,0.8910129945286196,0.036490561223832596,0.826707650273224,0.06787125440337659,0.06014065304058603,0.8283730158730158,,,,,,,,,10.0,,,,,,,,,,,,,
eba53d02f76c468a93d62191f4addd6a,logistic-candidate-04,812c2b51783a4a158dffeb4d4d1dfd57,FINISHED,,,None,0.826547619047619,0.04960709641825168,0.8904634139009139,0.03557387506398426,0.8307377049180328,0.06451315585918556,0.05598204118358144,0.8012566137566137,,,,,,,,,10.0,,,,,,,,,,,,,
e56ba5165976444187bc21f520fdb512,logistic-candidate-03,812c2b51783a4a158dffeb4d4d1dfd57,FINISHED,,,balanced,0.8214507266926623,0.05487689784243005,0.897618296055796,0.03468447286076689,0.8431693989071037,0.04748779688754362,0.08319148925887551,0.8373015873015873,,,,,,,,,1.0,,,,,,,,,,,,,
fedd66c5fcbf4adb98a04ad965bf9f39,logistic-candidate-02,812c2b51783a4a158dffeb4d4d1dfd57,FINISHED,,,None,0.8508295264760782,0.06593451544731062,0.8967981526575277,0.034070565929927785,0.8472677595628414,0.08310828514190312,0.07808365307993011,0.810515873015873,,,,,,,,,1.0,,,,,,,,,,,,,
f2513094911243759afb346c3ec2d252,logistic-candidate-01,812c2b51783a4a158dffeb4d4d1dfd57,FINISHED,,,balanced,0.8404246794871795,0.04404434932560477,0.8994330081569665,0.04253905914669411,0.8431010928961747,0.03020065428991486,0.09733014202480775,0.8101851851851851,,,,,,,,,0.1,,,,,,,,,,,,,
47085da8431d42b3af06e79960d9c0bf,logistic-candidate-00,812c2b51783a4a158dffeb4d4d1dfd57,FINISHED,,,None,0.8819746376811595,0.041342858504181644,0.8994330081569665,0.04253905914669411,0.8594945355191256,0.046327514985346416,0.08342972819879678,0.8012566137566137,,,,,,,,,0.1,,,,,,,,,,,,,
812c2b51783a4a158dffeb4d4d1dfd57,logistic,687db1f906644749b541ee8a43a47528,FINISHED,,,None,,,,,,,,,0.03175992500773892,0.8616296296296296,0.9150873281308064,0.8185770750988143,0.8512755102040817,0.1023039897990177,0.09211342682758274,0.04475851554999829,0.1,,,,,,,,,,,,,
687db1f906644749b541ee8a43a47528,reproducible-comparison,,FINISHED,,,,,,,,,,,,,,,,,,,,,61,523,4,logistic,5,0.5,242,e81973d3356c231ed8903aab16f5faa72d9679eb8ef6dc98a602b25df3f5d23d,0.8214285714285714,0.8032786885245902,0.7666666666666667,0.9231601731601732,0.7931034482758621
